img,label
CamVid/camvid/images/Seq05VD_f03060.png,CamVid/camvid/Labeled_idx/Seq05VD_f03060_P.png.npy
CamVid/camvid/images/0016E5_08073.png,CamVid/camvid/Labeled_idx/0016E5_08073_P.png.npy
CamVid/camvid/images/0016E5_08111.png,CamVid/camvid/Labeled_idx/0016E5_08111_P.png.npy
CamVid/camvid/images/0016E5_00901.png,CamVid/camvid/Labeled_idx/0016E5_00901_P.png.npy
CamVid/camvid/images/0016E5_08031.png,CamVid/camvid/Labeled_idx/0016E5_08031_P.png.npy
CamVid/camvid/images/0016E5_08123.png,CamVid/camvid/Labeled_idx/0016E5_08123_P.png.npy
CamVid/camvid/images/Seq05VD_f04020.png,CamVid/camvid/Labeled_idx/Seq05VD_f04020_P.png.npy
CamVid/camvid/images/0016E5_06660.png,CamVid/camvid/Labeled_idx/0016E5_06660_P.png.npy
CamVid/camvid/images/0016E5_05040.png,CamVid/camvid/Labeled_idx/0016E5_05040_P.png.npy
CamVid/camvid/images/0016E5_04620.png,CamVid/camvid/Labeled_idx/0016E5_04620_P.png.npy
CamVid/camvid/images/Seq05VD_f02490.png,CamVid/camvid/Labeled_idx/Seq05VD_f02490_P.png.npy
CamVid/camvid/images/0001TP_008460.png,CamVid/camvid/Labeled_idx/0001TP_008460_P.png.npy
CamVid/camvid/images/0016E5_05070.png,CamVid/camvid/Labeled_idx/0016E5_05070_P.png.npy
CamVid/camvid/images/0016E5_00720.png,CamVid/camvid/Labeled_idx/0016E5_00720_P.png.npy
CamVid/camvid/images/0001TP_007680.png,CamVid/camvid/Labeled_idx/0001TP_007680_P.png.npy
CamVid/camvid/images/0016E5_08093.png,CamVid/camvid/Labeled_idx/0016E5_08093_P.png.npy
CamVid/camvid/images/0001TP_008070.png,CamVid/camvid/Labeled_idx/0001TP_008070_P.png.npy
CamVid/camvid/images/0001TP_008550.png,CamVid/camvid/Labeled_idx/0001TP_008550_P.png.npy
CamVid/camvid/images/0016E5_04860.png,CamVid/camvid/Labeled_idx/0016E5_04860_P.png.npy
CamVid/camvid/images/0001TP_008340.png,CamVid/camvid/Labeled_idx/0001TP_008340_P.png.npy
CamVid/camvid/images/Seq05VD_f02160.png,CamVid/camvid/Labeled_idx/Seq05VD_f02160_P.png.npy
CamVid/camvid/images/0001TP_009390.png,CamVid/camvid/Labeled_idx/0001TP_009390_P.png.npy
CamVid/camvid/images/0001TP_010140.png,CamVid/camvid/Labeled_idx/0001TP_010140_P.png.npy
CamVid/camvid/images/0001TP_009840.png,CamVid/camvid/Labeled_idx/0001TP_009840_P.png.npy
CamVid/camvid/images/0016E5_08053.png,CamVid/camvid/Labeled_idx/0016E5_08053_P.png.npy
CamVid/camvid/images/0016E5_08013.png,CamVid/camvid/Labeled_idx/0016E5_08013_P.png.npy
CamVid/camvid/images/Seq05VD_f01140.png,CamVid/camvid/Labeled_idx/Seq05VD_f01140_P.png.npy
CamVid/camvid/images/0016E5_02250.png,CamVid/camvid/Labeled_idx/0016E5_02250_P.png.npy
CamVid/camvid/images/0001TP_007110.png,CamVid/camvid/Labeled_idx/0001TP_007110_P.png.npy
CamVid/camvid/images/Seq05VD_f01740.png,CamVid/camvid/Labeled_idx/Seq05VD_f01740_P.png.npy
CamVid/camvid/images/0016E5_07470.png,CamVid/camvid/Labeled_idx/0016E5_07470_P.png.npy
CamVid/camvid/images/Seq05VD_f01560.png,CamVid/camvid/Labeled_idx/Seq05VD_f01560_P.png.npy
CamVid/camvid/images/Seq05VD_f01470.png,CamVid/camvid/Labeled_idx/Seq05VD_f01470_P.png.npy
CamVid/camvid/images/0006R0_f02430.png,CamVid/camvid/Labeled_idx/0006R0_f02430_P.png.npy
CamVid/camvid/images/0001TP_007260.png,CamVid/camvid/Labeled_idx/0001TP_007260_P.png.npy
CamVid/camvid/images/0016E5_08059.png,CamVid/camvid/Labeled_idx/0016E5_08059_P.png.npy
CamVid/camvid/images/0016E5_01380.png,CamVid/camvid/Labeled_idx/0016E5_01380_P.png.npy
CamVid/camvid/images/0016E5_08143.png,CamVid/camvid/Labeled_idx/0016E5_08143_P.png.npy
CamVid/camvid/images/0016E5_08147.png,CamVid/camvid/Labeled_idx/0016E5_08147_P.png.npy
CamVid/camvid/images/Seq05VD_f04920.png,CamVid/camvid/Labeled_idx/Seq05VD_f04920_P.png.npy
CamVid/camvid/images/0001TP_009300.png,CamVid/camvid/Labeled_idx/0001TP_009300_P.png.npy
CamVid/camvid/images/0016E5_01020.png,CamVid/camvid/Labeled_idx/0016E5_01020_P.png.npy
CamVid/camvid/images/0016E5_06810.png,CamVid/camvid/Labeled_idx/0016E5_06810_P.png.npy
CamVid/camvid/images/0016E5_08045.png,CamVid/camvid/Labeled_idx/0016E5_08045_P.png.npy
CamVid/camvid/images/0016E5_01770.png,CamVid/camvid/Labeled_idx/0016E5_01770_P.png.npy
CamVid/camvid/images/0006R0_f03330.png,CamVid/camvid/Labeled_idx/0006R0_f03330_P.png.npy
CamVid/camvid/images/0016E5_07230.png,CamVid/camvid/Labeled_idx/0016E5_07230_P.png.npy
CamVid/camvid/images/0001TP_007290.png,CamVid/camvid/Labeled_idx/0001TP_007290_P.png.npy
CamVid/camvid/images/Seq05VD_f02730.png,CamVid/camvid/Labeled_idx/Seq05VD_f02730_P.png.npy
CamVid/camvid/images/0016E5_04470.png,CamVid/camvid/Labeled_idx/0016E5_04470_P.png.npy
CamVid/camvid/images/Seq05VD_f04470.png,CamVid/camvid/Labeled_idx/Seq05VD_f04470_P.png.npy
CamVid/camvid/images/0016E5_00690.png,CamVid/camvid/Labeled_idx/0016E5_00690_P.png.npy
CamVid/camvid/images/0016E5_08049.png,CamVid/camvid/Labeled_idx/0016E5_08049_P.png.npy
CamVid/camvid/images/0016E5_08121.png,CamVid/camvid/Labeled_idx/0016E5_08121_P.png.npy
CamVid/camvid/images/Seq05VD_f00720.png,CamVid/camvid/Labeled_idx/Seq05VD_f00720_P.png.npy
CamVid/camvid/images/Seq05VD_f00000.png,CamVid/camvid/Labeled_idx/Seq05VD_f00000_P.png.npy
CamVid/camvid/images/0016E5_06270.png,CamVid/camvid/Labeled_idx/0016E5_06270_P.png.npy
CamVid/camvid/images/0016E5_07590.png,CamVid/camvid/Labeled_idx/0016E5_07590_P.png.npy
CamVid/camvid/images/0006R0_f02640.png,CamVid/camvid/Labeled_idx/0006R0_f02640_P.png.npy
CamVid/camvid/images/Seq05VD_f05040.png,CamVid/camvid/Labeled_idx/Seq05VD_f05040_P.png.npy
CamVid/camvid/images/Seq05VD_f00960.png,CamVid/camvid/Labeled_idx/Seq05VD_f00960_P.png.npy
CamVid/camvid/images/0001TP_008490.png,CamVid/camvid/Labeled_idx/0001TP_008490_P.png.npy
CamVid/camvid/images/Seq05VD_f04950.png,CamVid/camvid/Labeled_idx/Seq05VD_f04950_P.png.npy
CamVid/camvid/images/Seq05VD_f03960.png,CamVid/camvid/Labeled_idx/Seq05VD_f03960_P.png.npy
CamVid/camvid/images/0016E5_07110.png,CamVid/camvid/Labeled_idx/0016E5_07110_P.png.npy
CamVid/camvid/images/0001TP_010080.png,CamVid/camvid/Labeled_idx/0001TP_010080_P.png.npy
CamVid/camvid/images/0016E5_00540.png,CamVid/camvid/Labeled_idx/0016E5_00540_P.png.npy
CamVid/camvid/images/0001TP_007740.png,CamVid/camvid/Labeled_idx/0001TP_007740_P.png.npy
CamVid/camvid/images/Seq05VD_f01830.png,CamVid/camvid/Labeled_idx/Seq05VD_f01830_P.png.npy
CamVid/camvid/images/0016E5_06360.png,CamVid/camvid/Labeled_idx/0016E5_06360_P.png.npy
CamVid/camvid/images/0016E5_01110.png,CamVid/camvid/Labeled_idx/0016E5_01110_P.png.npy
CamVid/camvid/images/0016E5_08089.png,CamVid/camvid/Labeled_idx/0016E5_08089_P.png.npy
CamVid/camvid/images/0016E5_02400.png,CamVid/camvid/Labeled_idx/0016E5_02400_P.png.npy
CamVid/camvid/images/0016E5_02280.png,CamVid/camvid/Labeled_idx/0016E5_02280_P.png.npy
CamVid/camvid/images/0016E5_07963.png,CamVid/camvid/Labeled_idx/0016E5_07963_P.png.npy
CamVid/camvid/images/0016E5_04680.png,CamVid/camvid/Labeled_idx/0016E5_04680_P.png.npy
CamVid/camvid/images/0016E5_05910.png,CamVid/camvid/Labeled_idx/0016E5_05910_P.png.npy
CamVid/camvid/images/0016E5_01710.png,CamVid/camvid/Labeled_idx/0016E5_01710_P.png.npy
CamVid/camvid/images/0001TP_008910.png,CamVid/camvid/Labeled_idx/0001TP_008910_P.png.npy
CamVid/camvid/images/0016E5_08103.png,CamVid/camvid/Labeled_idx/0016E5_08103_P.png.npy
CamVid/camvid/images/0006R0_f03390.png,CamVid/camvid/Labeled_idx/0006R0_f03390_P.png.npy
CamVid/camvid/images/0016E5_00390.png,CamVid/camvid/Labeled_idx/0016E5_00390_P.png.npy
CamVid/camvid/images/0016E5_07959.png,CamVid/camvid/Labeled_idx/0016E5_07959_P.png.npy
CamVid/camvid/images/0006R0_f03150.png,CamVid/camvid/Labeled_idx/0006R0_f03150_P.png.npy
CamVid/camvid/images/0016E5_08017.png,CamVid/camvid/Labeled_idx/0016E5_08017_P.png.npy
CamVid/camvid/images/0001TP_009120.png,CamVid/camvid/Labeled_idx/0001TP_009120_P.png.npy
CamVid/camvid/images/0001TP_007530.png,CamVid/camvid/Labeled_idx/0001TP_007530_P.png.npy
CamVid/camvid/images/Seq05VD_f02850.png,CamVid/camvid/Labeled_idx/Seq05VD_f02850_P.png.npy
CamVid/camvid/images/0001TP_008160.png,CamVid/camvid/Labeled_idx/0001TP_008160_P.png.npy
CamVid/camvid/images/0016E5_07975.png,CamVid/camvid/Labeled_idx/0016E5_07975_P.png.npy
CamVid/camvid/images/Seq05VD_f02700.png,CamVid/camvid/Labeled_idx/Seq05VD_f02700_P.png.npy
CamVid/camvid/images/0016E5_07140.png,CamVid/camvid/Labeled_idx/0016E5_07140_P.png.npy
CamVid/camvid/images/Seq05VD_f04170.png,CamVid/camvid/Labeled_idx/Seq05VD_f04170_P.png.npy
CamVid/camvid/images/0016E5_06570.png,CamVid/camvid/Labeled_idx/0016E5_06570_P.png.npy
CamVid/camvid/images/0016E5_04530.png,CamVid/camvid/Labeled_idx/0016E5_04530_P.png.npy
CamVid/camvid/images/0001TP_008520.png,CamVid/camvid/Labeled_idx/0001TP_008520_P.png.npy
CamVid/camvid/images/0001TP_010350.png,CamVid/camvid/Labeled_idx/0001TP_010350_P.png.npy
CamVid/camvid/images/Seq05VD_f03540.png,CamVid/camvid/Labeled_idx/Seq05VD_f03540_P.png.npy
CamVid/camvid/images/0006R0_f03180.png,CamVid/camvid/Labeled_idx/0006R0_f03180_P.png.npy
CamVid/camvid/images/0001TP_007500.png,CamVid/camvid/Labeled_idx/0001TP_007500_P.png.npy
CamVid/camvid/images/0016E5_00480.png,CamVid/camvid/Labeled_idx/0016E5_00480_P.png.npy
CamVid/camvid/images/Seq05VD_f04710.png,CamVid/camvid/Labeled_idx/Seq05VD_f04710_P.png.npy
CamVid/camvid/images/0001TP_007830.png,CamVid/camvid/Labeled_idx/0001TP_007830_P.png.npy
CamVid/camvid/images/0006R0_f01590.png,CamVid/camvid/Labeled_idx/0006R0_f01590_P.png.npy
CamVid/camvid/images/Seq05VD_f03210.png,CamVid/camvid/Labeled_idx/Seq05VD_f03210_P.png.npy
CamVid/camvid/images/Seq05VD_f03570.png,CamVid/camvid/Labeled_idx/Seq05VD_f03570_P.png.npy
CamVid/camvid/images/0016E5_08125.png,CamVid/camvid/Labeled_idx/0016E5_08125_P.png.npy
CamVid/camvid/images/Seq05VD_f04380.png,CamVid/camvid/Labeled_idx/Seq05VD_f04380_P.png.npy
CamVid/camvid/images/0016E5_07995.png,CamVid/camvid/Labeled_idx/0016E5_07995_P.png.npy
CamVid/camvid/images/0016E5_05760.png,CamVid/camvid/Labeled_idx/0016E5_05760_P.png.npy
CamVid/camvid/images/0006R0_f02940.png,CamVid/camvid/Labeled_idx/0006R0_f02940_P.png.npy
CamVid/camvid/images/0016E5_04440.png,CamVid/camvid/Labeled_idx/0016E5_04440_P.png.npy
CamVid/camvid/images/0016E5_08127.png,CamVid/camvid/Labeled_idx/0016E5_08127_P.png.npy
CamVid/camvid/images/Seq05VD_f01920.png,CamVid/camvid/Labeled_idx/Seq05VD_f01920_P.png.npy
CamVid/camvid/images/0001TP_007650.png,CamVid/camvid/Labeled_idx/0001TP_007650_P.png.npy
CamVid/camvid/images/0016E5_08430.png,CamVid/camvid/Labeled_idx/0016E5_08430_P.png.npy
CamVid/camvid/images/0006R0_f02760.png,CamVid/camvid/Labeled_idx/0006R0_f02760_P.png.npy
CamVid/camvid/images/Seq05VD_f00390.png,CamVid/camvid/Labeled_idx/Seq05VD_f00390_P.png.npy
CamVid/camvid/images/Seq05VD_f04830.png,CamVid/camvid/Labeled_idx/Seq05VD_f04830_P.png.npy
CamVid/camvid/images/0016E5_00990.png,CamVid/camvid/Labeled_idx/0016E5_00990_P.png.npy
CamVid/camvid/images/0016E5_07170.png,CamVid/camvid/Labeled_idx/0016E5_07170_P.png.npy
CamVid/camvid/images/0001TP_006960.png,CamVid/camvid/Labeled_idx/0001TP_006960_P.png.npy
CamVid/camvid/images/0016E5_06150.png,CamVid/camvid/Labeled_idx/0016E5_06150_P.png.npy
CamVid/camvid/images/0016E5_05730.png,CamVid/camvid/Labeled_idx/0016E5_05730_P.png.npy
CamVid/camvid/images/0006R0_f01230.png,CamVid/camvid/Labeled_idx/0006R0_f01230_P.png.npy
CamVid/camvid/images/0006R0_f01860.png,CamVid/camvid/Labeled_idx/0006R0_f01860_P.png.npy
CamVid/camvid/images/0006R0_f01530.png,CamVid/camvid/Labeled_idx/0006R0_f01530_P.png.npy
CamVid/camvid/images/0001TP_007200.png,CamVid/camvid/Labeled_idx/0001TP_007200_P.png.npy
CamVid/camvid/images/Seq05VD_f00810.png,CamVid/camvid/Labeled_idx/Seq05VD_f00810_P.png.npy
CamVid/camvid/images/0016E5_08370.png,CamVid/camvid/Labeled_idx/0016E5_08370_P.png.npy
CamVid/camvid/images/0006R0_f02070.png,CamVid/camvid/Labeled_idx/0006R0_f02070_P.png.npy
CamVid/camvid/images/0006R0_f02010.png,CamVid/camvid/Labeled_idx/0006R0_f02010_P.png.npy
CamVid/camvid/images/0016E5_08340.png,CamVid/camvid/Labeled_idx/0016E5_08340_P.png.npy
CamVid/camvid/images/0016E5_07999.png,CamVid/camvid/Labeled_idx/0016E5_07999_P.png.npy
CamVid/camvid/images/0001TP_008430.png,CamVid/camvid/Labeled_idx/0001TP_008430_P.png.npy
CamVid/camvid/images/0016E5_06780.png,CamVid/camvid/Labeled_idx/0016E5_06780_P.png.npy
CamVid/camvid/images/Seq05VD_f05100.png,CamVid/camvid/Labeled_idx/Seq05VD_f05100_P.png.npy
CamVid/camvid/images/Seq05VD_f04500.png,CamVid/camvid/Labeled_idx/Seq05VD_f04500_P.png.npy
CamVid/camvid/images/0001TP_008730.png,CamVid/camvid/Labeled_idx/0001TP_008730_P.png.npy
CamVid/camvid/images/Seq05VD_f04980.png,CamVid/camvid/Labeled_idx/Seq05VD_f04980_P.png.npy
CamVid/camvid/images/0001TP_009630.png,CamVid/camvid/Labeled_idx/0001TP_009630_P.png.npy
CamVid/camvid/images/0006R0_f03840.png,CamVid/camvid/Labeled_idx/0006R0_f03840_P.png.npy
CamVid/camvid/images/0016E5_04920.png,CamVid/camvid/Labeled_idx/0016E5_04920_P.png.npy
CamVid/camvid/images/0001TP_010290.png,CamVid/camvid/Labeled_idx/0001TP_010290_P.png.npy
CamVid/camvid/images/0016E5_08135.png,CamVid/camvid/Labeled_idx/0016E5_08135_P.png.npy
CamVid/camvid/images/Seq05VD_f01020.png,CamVid/camvid/Labeled_idx/Seq05VD_f01020_P.png.npy
CamVid/camvid/images/0001TP_007860.png,CamVid/camvid/Labeled_idx/0001TP_007860_P.png.npy
CamVid/camvid/images/0016E5_07997.png,CamVid/camvid/Labeled_idx/0016E5_07997_P.png.npy
CamVid/camvid/images/0016E5_07830.png,CamVid/camvid/Labeled_idx/0016E5_07830_P.png.npy
CamVid/camvid/images/0006R0_f03000.png,CamVid/camvid/Labeled_idx/0006R0_f03000_P.png.npy
CamVid/camvid/images/0016E5_05280.png,CamVid/camvid/Labeled_idx/0016E5_05280_P.png.npy
CamVid/camvid/images/0006R0_f02220.png,CamVid/camvid/Labeled_idx/0006R0_f02220_P.png.npy
CamVid/camvid/images/0016E5_01290.png,CamVid/camvid/Labeled_idx/0016E5_01290_P.png.npy
CamVid/camvid/images/0016E5_06960.png,CamVid/camvid/Labeled_idx/0016E5_06960_P.png.npy
CamVid/camvid/images/Seq05VD_f03990.png,CamVid/camvid/Labeled_idx/Seq05VD_f03990_P.png.npy
CamVid/camvid/images/0006R0_f00960.png,CamVid/camvid/Labeled_idx/0006R0_f00960_P.png.npy
CamVid/camvid/images/0016E5_06540.png,CamVid/camvid/Labeled_idx/0016E5_06540_P.png.npy
CamVid/camvid/images/0001TP_007470.png,CamVid/camvid/Labeled_idx/0001TP_007470_P.png.npy
CamVid/camvid/images/0006R0_f01980.png,CamVid/camvid/Labeled_idx/0006R0_f01980_P.png.npy
CamVid/camvid/images/Seq05VD_f03360.png,CamVid/camvid/Labeled_idx/Seq05VD_f03360_P.png.npy
CamVid/camvid/images/0006R0_f03030.png,CamVid/camvid/Labeled_idx/0006R0_f03030_P.png.npy
CamVid/camvid/images/Seq05VD_f04740.png,CamVid/camvid/Labeled_idx/Seq05VD_f04740_P.png.npy
CamVid/camvid/images/Seq05VD_f02640.png,CamVid/camvid/Labeled_idx/Seq05VD_f02640_P.png.npy
CamVid/camvid/images/0001TP_008010.png,CamVid/camvid/Labeled_idx/0001TP_008010_P.png.npy
CamVid/camvid/images/0016E5_05190.png,CamVid/camvid/Labeled_idx/0016E5_05190_P.png.npy
CamVid/camvid/images/0001TP_007950.png,CamVid/camvid/Labeled_idx/0001TP_007950_P.png.npy
CamVid/camvid/images/0016E5_05400.png,CamVid/camvid/Labeled_idx/0016E5_05400_P.png.npy
CamVid/camvid/images/0016E5_00870.png,CamVid/camvid/Labeled_idx/0016E5_00870_P.png.npy
CamVid/camvid/images/0016E5_08067.png,CamVid/camvid/Labeled_idx/0016E5_08067_P.png.npy
CamVid/camvid/images/0006R0_f02340.png,CamVid/camvid/Labeled_idx/0006R0_f02340_P.png.npy
CamVid/camvid/images/0001TP_009360.png,CamVid/camvid/Labeled_idx/0001TP_009360_P.png.npy
CamVid/camvid/images/0016E5_06750.png,CamVid/camvid/Labeled_idx/0016E5_06750_P.png.npy
CamVid/camvid/images/0016E5_04770.png,CamVid/camvid/Labeled_idx/0016E5_04770_P.png.npy
CamVid/camvid/images/0006R0_f03090.png,CamVid/camvid/Labeled_idx/0006R0_f03090_P.png.npy
CamVid/camvid/images/0016E5_05160.png,CamVid/camvid/Labeled_idx/0016E5_05160_P.png.npy
CamVid/camvid/images/0016E5_04830.png,CamVid/camvid/Labeled_idx/0016E5_04830_P.png.npy
CamVid/camvid/images/0016E5_07981.png,CamVid/camvid/Labeled_idx/0016E5_07981_P.png.npy
CamVid/camvid/images/0001TP_007890.png,CamVid/camvid/Labeled_idx/0001TP_007890_P.png.npy
CamVid/camvid/images/Seq05VD_f03120.png,CamVid/camvid/Labeled_idx/Seq05VD_f03120_P.png.npy
CamVid/camvid/images/Seq05VD_f02520.png,CamVid/camvid/Labeled_idx/Seq05VD_f02520_P.png.npy
CamVid/camvid/images/0016E5_05490.png,CamVid/camvid/Labeled_idx/0016E5_05490_P.png.npy
CamVid/camvid/images/0001TP_007710.png,CamVid/camvid/Labeled_idx/0001TP_007710_P.png.npy
CamVid/camvid/images/0001TP_009000.png,CamVid/camvid/Labeled_idx/0001TP_009000_P.png.npy
CamVid/camvid/images/Seq05VD_f00600.png,CamVid/camvid/Labeled_idx/Seq05VD_f00600_P.png.npy
CamVid/camvid/images/0006R0_f01260.png,CamVid/camvid/Labeled_idx/0006R0_f01260_P.png.npy
CamVid/camvid/images/0006R0_f03060.png,CamVid/camvid/Labeled_idx/0006R0_f03060_P.png.npy
CamVid/camvid/images/0006R0_f01650.png,CamVid/camvid/Labeled_idx/0006R0_f01650_P.png.npy
CamVid/camvid/images/0016E5_00630.png,CamVid/camvid/Labeled_idx/0016E5_00630_P.png.npy
CamVid/camvid/images/0001TP_009330.png,CamVid/camvid/Labeled_idx/0001TP_009330_P.png.npy
CamVid/camvid/images/0016E5_01350.png,CamVid/camvid/Labeled_idx/0016E5_01350_P.png.npy
CamVid/camvid/images/0001TP_007980.png,CamVid/camvid/Labeled_idx/0001TP_007980_P.png.npy
CamVid/camvid/images/0006R0_f02670.png,CamVid/camvid/Labeled_idx/0006R0_f02670_P.png.npy
CamVid/camvid/images/Seq05VD_f03870.png,CamVid/camvid/Labeled_idx/Seq05VD_f03870_P.png.npy
CamVid/camvid/images/Seq05VD_f01290.png,CamVid/camvid/Labeled_idx/Seq05VD_f01290_P.png.npy
CamVid/camvid/images/0016E5_06630.png,CamVid/camvid/Labeled_idx/0016E5_06630_P.png.npy
CamVid/camvid/images/Seq05VD_f03180.png,CamVid/camvid/Labeled_idx/Seq05VD_f03180_P.png.npy
CamVid/camvid/images/0016E5_07260.png,CamVid/camvid/Labeled_idx/0016E5_07260_P.png.npy
CamVid/camvid/images/0016E5_05550.png,CamVid/camvid/Labeled_idx/0016E5_05550_P.png.npy
CamVid/camvid/images/Seq05VD_f00570.png,CamVid/camvid/Labeled_idx/Seq05VD_f00570_P.png.npy
CamVid/camvid/images/0006R0_f02880.png,CamVid/camvid/Labeled_idx/0006R0_f02880_P.png.npy
CamVid/camvid/images/Seq05VD_f01110.png,CamVid/camvid/Labeled_idx/Seq05VD_f01110_P.png.npy
CamVid/camvid/images/0001TP_009090.png,CamVid/camvid/Labeled_idx/0001TP_009090_P.png.npy
CamVid/camvid/images/Seq05VD_f02550.png,CamVid/camvid/Labeled_idx/Seq05VD_f02550_P.png.npy
CamVid/camvid/images/0016E5_00420.png,CamVid/camvid/Labeled_idx/0016E5_00420_P.png.npy
CamVid/camvid/images/0016E5_05220.png,CamVid/camvid/Labeled_idx/0016E5_05220_P.png.npy
CamVid/camvid/images/Seq05VD_f00660.png,CamVid/camvid/Labeled_idx/Seq05VD_f00660_P.png.npy
CamVid/camvid/images/0006R0_f03600.png,CamVid/camvid/Labeled_idx/0006R0_f03600_P.png.npy
CamVid/camvid/images/0001TP_010230.png,CamVid/camvid/Labeled_idx/0001TP_010230_P.png.npy
CamVid/camvid/images/0001TP_007170.png,CamVid/camvid/Labeled_idx/0001TP_007170_P.png.npy
CamVid/camvid/images/0016E5_04890.png,CamVid/camvid/Labeled_idx/0016E5_04890_P.png.npy
CamVid/camvid/images/Seq05VD_f01860.png,CamVid/camvid/Labeled_idx/Seq05VD_f01860_P.png.npy
CamVid/camvid/images/0001TP_006990.png,CamVid/camvid/Labeled_idx/0001TP_006990_P.png.npy
CamVid/camvid/images/0006R0_f01380.png,CamVid/camvid/Labeled_idx/0006R0_f01380_P.png.npy
CamVid/camvid/images/0016E5_07200.png,CamVid/camvid/Labeled_idx/0016E5_07200_P.png.npy
CamVid/camvid/images/0006R0_f03210.png,CamVid/camvid/Labeled_idx/0006R0_f03210_P.png.npy
CamVid/camvid/images/0001TP_007410.png,CamVid/camvid/Labeled_idx/0001TP_007410_P.png.npy
CamVid/camvid/images/0001TP_010110.png,CamVid/camvid/Labeled_idx/0001TP_010110_P.png.npy
CamVid/camvid/images/0016E5_07800.png,CamVid/camvid/Labeled_idx/0016E5_07800_P.png.npy
CamVid/camvid/images/0001TP_009030.png,CamVid/camvid/Labeled_idx/0001TP_009030_P.png.npy
CamVid/camvid/images/Seq05VD_f03420.png,CamVid/camvid/Labeled_idx/Seq05VD_f03420_P.png.npy
CamVid/camvid/images/0006R0_f01350.png,CamVid/camvid/Labeled_idx/0006R0_f01350_P.png.npy
CamVid/camvid/images/Seq05VD_f01890.png,CamVid/camvid/Labeled_idx/Seq05VD_f01890_P.png.npy
CamVid/camvid/images/0006R0_f02730.png,CamVid/camvid/Labeled_idx/0006R0_f02730_P.png.npy
CamVid/camvid/images/0006R0_f03570.png,CamVid/camvid/Labeled_idx/0006R0_f03570_P.png.npy
CamVid/camvid/images/Seq05VD_f00630.png,CamVid/camvid/Labeled_idx/Seq05VD_f00630_P.png.npy
CamVid/camvid/images/Seq05VD_f02400.png,CamVid/camvid/Labeled_idx/Seq05VD_f02400_P.png.npy
CamVid/camvid/images/0001TP_008820.png,CamVid/camvid/Labeled_idx/0001TP_008820_P.png.npy
CamVid/camvid/images/Seq05VD_f02010.png,CamVid/camvid/Labeled_idx/Seq05VD_f02010_P.png.npy
CamVid/camvid/images/0016E5_01530.png,CamVid/camvid/Labeled_idx/0016E5_01530_P.png.npy
CamVid/camvid/images/0001TP_009450.png,CamVid/camvid/Labeled_idx/0001TP_009450_P.png.npy
CamVid/camvid/images/0016E5_08083.png,CamVid/camvid/Labeled_idx/0016E5_08083_P.png.npy
CamVid/camvid/images/0001TP_009540.png,CamVid/camvid/Labeled_idx/0001TP_009540_P.png.npy
CamVid/camvid/images/Seq05VD_f00270.png,CamVid/camvid/Labeled_idx/Seq05VD_f00270_P.png.npy
CamVid/camvid/images/0016E5_08107.png,CamVid/camvid/Labeled_idx/0016E5_08107_P.png.npy
CamVid/camvid/images/Seq05VD_f04890.png,CamVid/camvid/Labeled_idx/Seq05VD_f04890_P.png.npy
CamVid/camvid/images/0016E5_08190.png,CamVid/camvid/Labeled_idx/0016E5_08190_P.png.npy
CamVid/camvid/images/0001TP_008640.png,CamVid/camvid/Labeled_idx/0001TP_008640_P.png.npy
CamVid/camvid/images/0016E5_07987.png,CamVid/camvid/Labeled_idx/0016E5_07987_P.png.npy
CamVid/camvid/images/0016E5_08075.png,CamVid/camvid/Labeled_idx/0016E5_08075_P.png.npy
CamVid/camvid/images/0016E5_00660.png,CamVid/camvid/Labeled_idx/0016E5_00660_P.png.npy
CamVid/camvid/images/Seq05VD_f01710.png,CamVid/camvid/Labeled_idx/Seq05VD_f01710_P.png.npy
CamVid/camvid/images/0016E5_07080.png,CamVid/camvid/Labeled_idx/0016E5_07080_P.png.npy
CamVid/camvid/images/0016E5_01950.png,CamVid/camvid/Labeled_idx/0016E5_01950_P.png.npy
CamVid/camvid/images/Seq05VD_f02580.png,CamVid/camvid/Labeled_idx/Seq05VD_f02580_P.png.npy
CamVid/camvid/images/Seq05VD_f04140.png,CamVid/camvid/Labeled_idx/Seq05VD_f04140_P.png.npy
CamVid/camvid/images/0016E5_00780.png,CamVid/camvid/Labeled_idx/0016E5_00780_P.png.npy
CamVid/camvid/images/Seq05VD_f02370.png,CamVid/camvid/Labeled_idx/Seq05VD_f02370_P.png.npy
CamVid/camvid/images/Seq05VD_f04590.png,CamVid/camvid/Labeled_idx/Seq05VD_f04590_P.png.npy
CamVid/camvid/images/0016E5_07020.png,CamVid/camvid/Labeled_idx/0016E5_07020_P.png.npy
CamVid/camvid/images/0001TP_008400.png,CamVid/camvid/Labeled_idx/0001TP_008400_P.png.npy
CamVid/camvid/images/Seq05VD_f01590.png,CamVid/camvid/Labeled_idx/Seq05VD_f01590_P.png.npy
CamVid/camvid/images/0006R0_f03930.png,CamVid/camvid/Labeled_idx/0006R0_f03930_P.png.npy
CamVid/camvid/images/Seq05VD_f04620.png,CamVid/camvid/Labeled_idx/Seq05VD_f04620_P.png.npy
CamVid/camvid/images/0001TP_007350.png,CamVid/camvid/Labeled_idx/0001TP_007350_P.png.npy
CamVid/camvid/images/0006R0_f02130.png,CamVid/camvid/Labeled_idx/0006R0_f02130_P.png.npy
CamVid/camvid/images/0016E5_05250.png,CamVid/camvid/Labeled_idx/0016E5_05250_P.png.npy
CamVid/camvid/images/0016E5_01080.png,CamVid/camvid/Labeled_idx/0016E5_01080_P.png.npy
CamVid/camvid/images/0016E5_04740.png,CamVid/camvid/Labeled_idx/0016E5_04740_P.png.npy
CamVid/camvid/images/0001TP_008880.png,CamVid/camvid/Labeled_idx/0001TP_008880_P.png.npy
CamVid/camvid/images/0016E5_05700.png,CamVid/camvid/Labeled_idx/0016E5_05700_P.png.npy
CamVid/camvid/images/Seq05VD_f02760.png,CamVid/camvid/Labeled_idx/Seq05VD_f02760_P.png.npy
CamVid/camvid/images/Seq05VD_f04080.png,CamVid/camvid/Labeled_idx/Seq05VD_f04080_P.png.npy
CamVid/camvid/images/Seq05VD_f04860.png,CamVid/camvid/Labeled_idx/Seq05VD_f04860_P.png.npy
CamVid/camvid/images/0016E5_08079.png,CamVid/camvid/Labeled_idx/0016E5_08079_P.png.npy
CamVid/camvid/images/Seq05VD_f01350.png,CamVid/camvid/Labeled_idx/Seq05VD_f01350_P.png.npy
CamVid/camvid/images/0016E5_04350.png,CamVid/camvid/Labeled_idx/0016E5_04350_P.png.npy
CamVid/camvid/images/0016E5_08250.png,CamVid/camvid/Labeled_idx/0016E5_08250_P.png.npy
CamVid/camvid/images/0016E5_05610.png,CamVid/camvid/Labeled_idx/0016E5_05610_P.png.npy
CamVid/camvid/images/Seq05VD_f02880.png,CamVid/camvid/Labeled_idx/Seq05VD_f02880_P.png.npy
CamVid/camvid/images/0016E5_08041.png,CamVid/camvid/Labeled_idx/0016E5_08041_P.png.npy
CamVid/camvid/images/Seq05VD_f01230.png,CamVid/camvid/Labeled_idx/Seq05VD_f01230_P.png.npy
CamVid/camvid/images/Seq05VD_f01680.png,CamVid/camvid/Labeled_idx/Seq05VD_f01680_P.png.npy
CamVid/camvid/images/Seq05VD_f00150.png,CamVid/camvid/Labeled_idx/Seq05VD_f00150_P.png.npy
CamVid/camvid/images/0016E5_06330.png,CamVid/camvid/Labeled_idx/0016E5_06330_P.png.npy
CamVid/camvid/images/0016E5_07989.png,CamVid/camvid/Labeled_idx/0016E5_07989_P.png.npy
CamVid/camvid/images/Seq05VD_f02100.png,CamVid/camvid/Labeled_idx/Seq05VD_f02100_P.png.npy
CamVid/camvid/images/0001TP_009810.png,CamVid/camvid/Labeled_idx/0001TP_009810_P.png.npy
CamVid/camvid/images/0016E5_08133.png,CamVid/camvid/Labeled_idx/0016E5_08133_P.png.npy
CamVid/camvid/images/0001TP_007920.png,CamVid/camvid/Labeled_idx/0001TP_007920_P.png.npy
CamVid/camvid/images/Seq05VD_f04650.png,CamVid/camvid/Labeled_idx/Seq05VD_f04650_P.png.npy
CamVid/camvid/images/0016E5_06300.png,CamVid/camvid/Labeled_idx/0016E5_06300_P.png.npy
CamVid/camvid/images/Seq05VD_f01170.png,CamVid/camvid/Labeled_idx/Seq05VD_f01170_P.png.npy
CamVid/camvid/images/0016E5_07710.png,CamVid/camvid/Labeled_idx/0016E5_07710_P.png.npy
CamVid/camvid/images/Seq05VD_f02910.png,CamVid/camvid/Labeled_idx/Seq05VD_f02910_P.png.npy
CamVid/camvid/images/Seq05VD_f03780.png,CamVid/camvid/Labeled_idx/Seq05VD_f03780_P.png.npy
CamVid/camvid/images/0006R0_f03720.png,CamVid/camvid/Labeled_idx/0006R0_f03720_P.png.npy
CamVid/camvid/images/0016E5_05940.png,CamVid/camvid/Labeled_idx/0016E5_05940_P.png.npy
CamVid/camvid/images/Seq05VD_f01410.png,CamVid/camvid/Labeled_idx/Seq05VD_f01410_P.png.npy
CamVid/camvid/images/0006R0_f02850.png,CamVid/camvid/Labeled_idx/0006R0_f02850_P.png.npy
CamVid/camvid/images/Seq05VD_f04530.png,CamVid/camvid/Labeled_idx/Seq05VD_f04530_P.png.npy
CamVid/camvid/images/0016E5_01050.png,CamVid/camvid/Labeled_idx/0016E5_01050_P.png.npy
CamVid/camvid/images/Seq05VD_f04200.png,CamVid/camvid/Labeled_idx/Seq05VD_f04200_P.png.npy
CamVid/camvid/images/0016E5_08001.png,CamVid/camvid/Labeled_idx/0016E5_08001_P.png.npy
CamVid/camvid/images/0016E5_08131.png,CamVid/camvid/Labeled_idx/0016E5_08131_P.png.npy
CamVid/camvid/images/Seq05VD_f03480.png,CamVid/camvid/Labeled_idx/Seq05VD_f03480_P.png.npy
CamVid/camvid/images/0001TP_006780.png,CamVid/camvid/Labeled_idx/0001TP_006780_P.png.npy
CamVid/camvid/images/0016E5_08021.png,CamVid/camvid/Labeled_idx/0016E5_08021_P.png.npy
CamVid/camvid/images/0016E5_07971.png,CamVid/camvid/Labeled_idx/0016E5_07971_P.png.npy
CamVid/camvid/images/Seq05VD_f04680.png,CamVid/camvid/Labeled_idx/Seq05VD_f04680_P.png.npy
CamVid/camvid/images/0016E5_06870.png,CamVid/camvid/Labeled_idx/0016E5_06870_P.png.npy
CamVid/camvid/images/Seq05VD_f02190.png,CamVid/camvid/Labeled_idx/Seq05VD_f02190_P.png.npy
CamVid/camvid/images/0016E5_06900.png,CamVid/camvid/Labeled_idx/0016E5_06900_P.png.npy
CamVid/camvid/images/0016E5_07410.png,CamVid/camvid/Labeled_idx/0016E5_07410_P.png.npy
CamVid/camvid/images/0001TP_009420.png,CamVid/camvid/Labeled_idx/0001TP_009420_P.png.npy
CamVid/camvid/images/0001TP_006870.png,CamVid/camvid/Labeled_idx/0001TP_006870_P.png.npy
CamVid/camvid/images/0016E5_07977.png,CamVid/camvid/Labeled_idx/0016E5_07977_P.png.npy
CamVid/camvid/images/0001TP_009480.png,CamVid/camvid/Labeled_idx/0001TP_009480_P.png.npy
CamVid/camvid/images/0016E5_02370.png,CamVid/camvid/Labeled_idx/0016E5_02370_P.png.npy
CamVid/camvid/images/0016E5_00930.png,CamVid/camvid/Labeled_idx/0016E5_00930_P.png.npy
CamVid/camvid/images/0016E5_05100.png,CamVid/camvid/Labeled_idx/0016E5_05100_P.png.npy
CamVid/camvid/images/Seq05VD_f01380.png,CamVid/camvid/Labeled_idx/Seq05VD_f01380_P.png.npy
CamVid/camvid/images/0001TP_010050.png,CamVid/camvid/Labeled_idx/0001TP_010050_P.png.npy
CamVid/camvid/images/0016E5_08015.png,CamVid/camvid/Labeled_idx/0016E5_08015_P.png.npy
CamVid/camvid/images/0016E5_05520.png,CamVid/camvid/Labeled_idx/0016E5_05520_P.png.npy
CamVid/camvid/images/0006R0_f01020.png,CamVid/camvid/Labeled_idx/0006R0_f01020_P.png.npy
CamVid/camvid/images/0016E5_07560.png,CamVid/camvid/Labeled_idx/0016E5_07560_P.png.npy
CamVid/camvid/images/0001TP_009510.png,CamVid/camvid/Labeled_idx/0001TP_009510_P.png.npy
CamVid/camvid/images/Seq05VD_f03600.png,CamVid/camvid/Labeled_idx/Seq05VD_f03600_P.png.npy
CamVid/camvid/images/0016E5_07770.png,CamVid/camvid/Labeled_idx/0016E5_07770_P.png.npy
CamVid/camvid/images/0001TP_009570.png,CamVid/camvid/Labeled_idx/0001TP_009570_P.png.npy
CamVid/camvid/images/0016E5_05370.png,CamVid/camvid/Labeled_idx/0016E5_05370_P.png.npy
CamVid/camvid/images/0006R0_f01680.png,CamVid/camvid/Labeled_idx/0006R0_f01680_P.png.npy
CamVid/camvid/images/0016E5_08085.png,CamVid/camvid/Labeled_idx/0016E5_08085_P.png.npy
CamVid/camvid/images/0006R0_f03900.png,CamVid/camvid/Labeled_idx/0006R0_f03900_P.png.npy
CamVid/camvid/images/0006R0_f03540.png,CamVid/camvid/Labeled_idx/0006R0_f03540_P.png.npy
CamVid/camvid/images/0016E5_04590.png,CamVid/camvid/Labeled_idx/0016E5_04590_P.png.npy
CamVid/camvid/images/0001TP_009060.png,CamVid/camvid/Labeled_idx/0001TP_009060_P.png.npy
CamVid/camvid/images/0001TP_010170.png,CamVid/camvid/Labeled_idx/0001TP_010170_P.png.npy
CamVid/camvid/images/0016E5_08061.png,CamVid/camvid/Labeled_idx/0016E5_08061_P.png.npy
CamVid/camvid/images/0001TP_009600.png,CamVid/camvid/Labeled_idx/0001TP_009600_P.png.npy
CamVid/camvid/images/0001TP_009150.png,CamVid/camvid/Labeled_idx/0001TP_009150_P.png.npy
CamVid/camvid/images/0016E5_08029.png,CamVid/camvid/Labeled_idx/0016E5_08029_P.png.npy
CamVid/camvid/images/0016E5_00600.png,CamVid/camvid/Labeled_idx/0016E5_00600_P.png.npy
CamVid/camvid/images/Seq05VD_f01500.png,CamVid/camvid/Labeled_idx/Seq05VD_f01500_P.png.npy
CamVid/camvid/images/0016E5_08113.png,CamVid/camvid/Labeled_idx/0016E5_08113_P.png.npy
CamVid/camvid/images/Seq05VD_f04050.png,CamVid/camvid/Labeled_idx/Seq05VD_f04050_P.png.npy
CamVid/camvid/images/0016E5_05670.png,CamVid/camvid/Labeled_idx/0016E5_05670_P.png.npy
CamVid/camvid/images/Seq05VD_f03450.png,CamVid/camvid/Labeled_idx/Seq05VD_f03450_P.png.npy
CamVid/camvid/images/0016E5_06120.png,CamVid/camvid/Labeled_idx/0016E5_06120_P.png.npy
CamVid/camvid/images/0001TP_008370.png,CamVid/camvid/Labeled_idx/0001TP_008370_P.png.npy
CamVid/camvid/images/0016E5_04560.png,CamVid/camvid/Labeled_idx/0016E5_04560_P.png.npy
CamVid/camvid/images/Seq05VD_f01950.png,CamVid/camvid/Labeled_idx/Seq05VD_f01950_P.png.npy
CamVid/camvid/images/0016E5_08033.png,CamVid/camvid/Labeled_idx/0016E5_08033_P.png.npy
CamVid/camvid/images/0006R0_f01560.png,CamVid/camvid/Labeled_idx/0006R0_f01560_P.png.npy
CamVid/camvid/images/0001TP_007320.png,CamVid/camvid/Labeled_idx/0001TP_007320_P.png.npy
CamVid/camvid/images/Seq05VD_f04560.png,CamVid/camvid/Labeled_idx/Seq05VD_f04560_P.png.npy
CamVid/camvid/images/0016E5_04410.png,CamVid/camvid/Labeled_idx/0016E5_04410_P.png.npy
CamVid/camvid/images/Seq05VD_f02610.png,CamVid/camvid/Labeled_idx/Seq05VD_f02610_P.png.npy
CamVid/camvid/images/0016E5_07890.png,CamVid/camvid/Labeled_idx/0016E5_07890_P.png.npy
CamVid/camvid/images/Seq05VD_f05010.png,CamVid/camvid/Labeled_idx/Seq05VD_f05010_P.png.npy
CamVid/camvid/images/0016E5_08007.png,CamVid/camvid/Labeled_idx/0016E5_08007_P.png.npy
CamVid/camvid/images/Seq05VD_f03660.png,CamVid/camvid/Labeled_idx/Seq05VD_f03660_P.png.npy
CamVid/camvid/images/Seq05VD_f02790.png,CamVid/camvid/Labeled_idx/Seq05VD_f02790_P.png.npy
CamVid/camvid/images/0006R0_f03660.png,CamVid/camvid/Labeled_idx/0006R0_f03660_P.png.npy
CamVid/camvid/images/0006R0_f02580.png,CamVid/camvid/Labeled_idx/0006R0_f02580_P.png.npy
CamVid/camvid/images/0016E5_07983.png,CamVid/camvid/Labeled_idx/0016E5_07983_P.png.npy
CamVid/camvid/images/Seq05VD_f00510.png,CamVid/camvid/Labeled_idx/Seq05VD_f00510_P.png.npy
CamVid/camvid/images/0016E5_02190.png,CamVid/camvid/Labeled_idx/0016E5_02190_P.png.npy
CamVid/camvid/images/0016E5_06240.png,CamVid/camvid/Labeled_idx/0016E5_06240_P.png.npy
CamVid/camvid/images/0001TP_006690.png,CamVid/camvid/Labeled_idx/0001TP_006690_P.png.npy
CamVid/camvid/images/0006R0_f02520.png,CamVid/camvid/Labeled_idx/0006R0_f02520_P.png.npy
CamVid/camvid/images/0016E5_07530.png,CamVid/camvid/Labeled_idx/0016E5_07530_P.png.npy
CamVid/camvid/images/0006R0_f02550.png,CamVid/camvid/Labeled_idx/0006R0_f02550_P.png.npy
CamVid/camvid/images/Seq05VD_f03270.png,CamVid/camvid/Labeled_idx/Seq05VD_f03270_P.png.npy
CamVid/camvid/images/0006R0_f01920.png,CamVid/camvid/Labeled_idx/0006R0_f01920_P.png.npy
CamVid/camvid/images/0016E5_07985.png,CamVid/camvid/Labeled_idx/0016E5_07985_P.png.npy
CamVid/camvid/images/0006R0_f01440.png,CamVid/camvid/Labeled_idx/0006R0_f01440_P.png.npy
CamVid/camvid/images/0001TP_009750.png,CamVid/camvid/Labeled_idx/0001TP_009750_P.png.npy
CamVid/camvid/images/0016E5_08151.png,CamVid/camvid/Labeled_idx/0016E5_08151_P.png.npy
CamVid/camvid/images/0006R0_f03420.png,CamVid/camvid/Labeled_idx/0006R0_f03420_P.png.npy
CamVid/camvid/images/0001TP_009780.png,CamVid/camvid/Labeled_idx/0001TP_009780_P.png.npy
CamVid/camvid/images/0016E5_05340.png,CamVid/camvid/Labeled_idx/0016E5_05340_P.png.npy
CamVid/camvid/images/0006R0_f02310.png,CamVid/camvid/Labeled_idx/0006R0_f02310_P.png.npy
CamVid/camvid/images/0001TP_009960.png,CamVid/camvid/Labeled_idx/0001TP_009960_P.png.npy
CamVid/camvid/images/Seq05VD_f02070.png,CamVid/camvid/Labeled_idx/Seq05VD_f02070_P.png.npy
CamVid/camvid/images/0016E5_05790.png,CamVid/camvid/Labeled_idx/0016E5_05790_P.png.npy
CamVid/camvid/images/0006R0_f01320.png,CamVid/camvid/Labeled_idx/0006R0_f01320_P.png.npy
CamVid/camvid/images/0016E5_00840.png,CamVid/camvid/Labeled_idx/0016E5_00840_P.png.npy
CamVid/camvid/images/Seq05VD_f02310.png,CamVid/camvid/Labeled_idx/Seq05VD_f02310_P.png.npy
CamVid/camvid/images/0001TP_008310.png,CamVid/camvid/Labeled_idx/0001TP_008310_P.png.npy
CamVid/camvid/images/0016E5_07969.png,CamVid/camvid/Labeled_idx/0016E5_07969_P.png.npy
CamVid/camvid/images/0001TP_008790.png,CamVid/camvid/Labeled_idx/0001TP_008790_P.png.npy
CamVid/camvid/images/0001TP_008040.png,CamVid/camvid/Labeled_idx/0001TP_008040_P.png.npy
CamVid/camvid/images/0001TP_009990.png,CamVid/camvid/Labeled_idx/0001TP_009990_P.png.npy
CamVid/camvid/images/0006R0_f01710.png,CamVid/camvid/Labeled_idx/0006R0_f01710_P.png.npy
CamVid/camvid/images/0016E5_08065.png,CamVid/camvid/Labeled_idx/0016E5_08065_P.png.npy
CamVid/camvid/images/Seq05VD_f04290.png,CamVid/camvid/Labeled_idx/Seq05VD_f04290_P.png.npy
CamVid/camvid/images/0016E5_08139.png,CamVid/camvid/Labeled_idx/0016E5_08139_P.png.npy
CamVid/camvid/images/0006R0_f00930.png,CamVid/camvid/Labeled_idx/0006R0_f00930_P.png.npy
CamVid/camvid/images/0016E5_05820.png,CamVid/camvid/Labeled_idx/0016E5_05820_P.png.npy
CamVid/camvid/images/0006R0_f01830.png,CamVid/camvid/Labeled_idx/0006R0_f01830_P.png.npy
CamVid/camvid/images/0016E5_01260.png,CamVid/camvid/Labeled_idx/0016E5_01260_P.png.npy
CamVid/camvid/images/0016E5_01230.png,CamVid/camvid/Labeled_idx/0016E5_01230_P.png.npy
CamVid/camvid/images/0001TP_006720.png,CamVid/camvid/Labeled_idx/0001TP_006720_P.png.npy
CamVid/camvid/images/0001TP_010260.png,CamVid/camvid/Labeled_idx/0001TP_010260_P.png.npy
CamVid/camvid/images/Seq05VD_f04230.png,CamVid/camvid/Labeled_idx/Seq05VD_f04230_P.png.npy
CamVid/camvid/images/Seq05VD_f03930.png,CamVid/camvid/Labeled_idx/Seq05VD_f03930_P.png.npy
CamVid/camvid/images/0016E5_07320.png,CamVid/camvid/Labeled_idx/0016E5_07320_P.png.npy
CamVid/camvid/images/Seq05VD_f03510.png,CamVid/camvid/Labeled_idx/Seq05VD_f03510_P.png.npy
CamVid/camvid/images/0016E5_07680.png,CamVid/camvid/Labeled_idx/0016E5_07680_P.png.npy
CamVid/camvid/images/0016E5_08071.png,CamVid/camvid/Labeled_idx/0016E5_08071_P.png.npy
CamVid/camvid/images/0006R0_f02790.png,CamVid/camvid/Labeled_idx/0006R0_f02790_P.png.npy
CamVid/camvid/images/0016E5_04980.png,CamVid/camvid/Labeled_idx/0016E5_04980_P.png.npy
CamVid/camvid/images/0016E5_06180.png,CamVid/camvid/Labeled_idx/0016E5_06180_P.png.npy
CamVid/camvid/images/0016E5_06210.png,CamVid/camvid/Labeled_idx/0016E5_06210_P.png.npy
CamVid/camvid/images/0001TP_009870.png,CamVid/camvid/Labeled_idx/0001TP_009870_P.png.npy
CamVid/camvid/images/Seq05VD_f03240.png,CamVid/camvid/Labeled_idx/Seq05VD_f03240_P.png.npy
CamVid/camvid/images/Seq05VD_f02430.png,CamVid/camvid/Labeled_idx/Seq05VD_f02430_P.png.npy
CamVid/camvid/images/0001TP_006930.png,CamVid/camvid/Labeled_idx/0001TP_006930_P.png.npy
CamVid/camvid/images/0016E5_08051.png,CamVid/camvid/Labeled_idx/0016E5_08051_P.png.npy
CamVid/camvid/images/0006R0_f02100.png,CamVid/camvid/Labeled_idx/0006R0_f02100_P.png.npy
CamVid/camvid/images/Seq05VD_f04350.png,CamVid/camvid/Labeled_idx/Seq05VD_f04350_P.png.npy
CamVid/camvid/images/0016E5_08005.png,CamVid/camvid/Labeled_idx/0016E5_08005_P.png.npy
CamVid/camvid/images/0001TP_010320.png,CamVid/camvid/Labeled_idx/0001TP_010320_P.png.npy
CamVid/camvid/images/0016E5_07973.png,CamVid/camvid/Labeled_idx/0016E5_07973_P.png.npy
CamVid/camvid/images/0016E5_01800.png,CamVid/camvid/Labeled_idx/0016E5_01800_P.png.npy
CamVid/camvid/images/0016E5_08101.png,CamVid/camvid/Labeled_idx/0016E5_08101_P.png.npy
CamVid/camvid/images/Seq05VD_f00750.png,CamVid/camvid/Labeled_idx/Seq05VD_f00750_P.png.npy
CamVid/camvid/images/0016E5_08039.png,CamVid/camvid/Labeled_idx/0016E5_08039_P.png.npy
CamVid/camvid/images/Seq05VD_f01980.png,CamVid/camvid/Labeled_idx/Seq05VD_f01980_P.png.npy
CamVid/camvid/images/0016E5_07860.png,CamVid/camvid/Labeled_idx/0016E5_07860_P.png.npy
CamVid/camvid/images/0001TP_006750.png,CamVid/camvid/Labeled_idx/0001TP_006750_P.png.npy
CamVid/camvid/images/0016E5_07440.png,CamVid/camvid/Labeled_idx/0016E5_07440_P.png.npy
CamVid/camvid/images/0001TP_008130.png,CamVid/camvid/Labeled_idx/0001TP_008130_P.png.npy
CamVid/camvid/images/0001TP_008100.png,CamVid/camvid/Labeled_idx/0001TP_008100_P.png.npy
CamVid/camvid/images/Seq05VD_f02820.png,CamVid/camvid/Labeled_idx/Seq05VD_f02820_P.png.npy
CamVid/camvid/images/0006R0_f03630.png,CamVid/camvid/Labeled_idx/0006R0_f03630_P.png.npy
CamVid/camvid/images/0016E5_06060.png,CamVid/camvid/Labeled_idx/0016E5_06060_P.png.npy
CamVid/camvid/images/0016E5_08099.png,CamVid/camvid/Labeled_idx/0016E5_08099_P.png.npy
CamVid/camvid/images/0001TP_010380.png,CamVid/camvid/Labeled_idx/0001TP_010380_P.png.npy
CamVid/camvid/images/0016E5_06600.png,CamVid/camvid/Labeled_idx/0016E5_06600_P.png.npy
CamVid/camvid/images/0006R0_f01500.png,CamVid/camvid/Labeled_idx/0006R0_f01500_P.png.npy
CamVid/camvid/images/0006R0_f01290.png,CamVid/camvid/Labeled_idx/0006R0_f01290_P.png.npy
CamVid/camvid/images/0016E5_00810.png,CamVid/camvid/Labeled_idx/0016E5_00810_P.png.npy
CamVid/camvid/images/0001TP_008700.png,CamVid/camvid/Labeled_idx/0001TP_008700_P.png.npy
CamVid/camvid/images/0006R0_f03450.png,CamVid/camvid/Labeled_idx/0006R0_f03450_P.png.npy
CamVid/camvid/images/0006R0_f01890.png,CamVid/camvid/Labeled_idx/0006R0_f01890_P.png.npy
CamVid/camvid/images/Seq05VD_f00900.png,CamVid/camvid/Labeled_idx/Seq05VD_f00900_P.png.npy
CamVid/camvid/images/0016E5_06480.png,CamVid/camvid/Labeled_idx/0016E5_06480_P.png.npy
CamVid/camvid/images/0016E5_06930.png,CamVid/camvid/Labeled_idx/0016E5_06930_P.png.npy
CamVid/camvid/images/0001TP_007620.png,CamVid/camvid/Labeled_idx/0001TP_007620_P.png.npy
CamVid/camvid/images/0016E5_04650.png,CamVid/camvid/Labeled_idx/0016E5_04650_P.png.npy
CamVid/camvid/images/0001TP_008280.png,CamVid/camvid/Labeled_idx/0001TP_008280_P.png.npy
CamVid/camvid/images/0016E5_06420.png,CamVid/camvid/Labeled_idx/0016E5_06420_P.png.npy
CamVid/camvid/images/0016E5_02130.png,CamVid/camvid/Labeled_idx/0016E5_02130_P.png.npy
CamVid/camvid/images/0006R0_f01140.png,CamVid/camvid/Labeled_idx/0006R0_f01140_P.png.npy
CamVid/camvid/images/0016E5_01560.png,CamVid/camvid/Labeled_idx/0016E5_01560_P.png.npy
CamVid/camvid/images/0016E5_08011.png,CamVid/camvid/Labeled_idx/0016E5_08011_P.png.npy
CamVid/camvid/images/0016E5_05640.png,CamVid/camvid/Labeled_idx/0016E5_05640_P.png.npy
CamVid/camvid/images/Seq05VD_f01650.png,CamVid/camvid/Labeled_idx/Seq05VD_f01650_P.png.npy
CamVid/camvid/images/0016E5_08037.png,CamVid/camvid/Labeled_idx/0016E5_08037_P.png.npy
CamVid/camvid/images/0006R0_f03120.png,CamVid/camvid/Labeled_idx/0006R0_f03120_P.png.npy
CamVid/camvid/images/0016E5_00450.png,CamVid/camvid/Labeled_idx/0016E5_00450_P.png.npy
CamVid/camvid/images/Seq05VD_f02940.png,CamVid/camvid/Labeled_idx/Seq05VD_f02940_P.png.npy
CamVid/camvid/images/0016E5_07965.png,CamVid/camvid/Labeled_idx/0016E5_07965_P.png.npy
CamVid/camvid/images/Seq05VD_f02130.png,CamVid/camvid/Labeled_idx/Seq05VD_f02130_P.png.npy
CamVid/camvid/images/0016E5_08141.png,CamVid/camvid/Labeled_idx/0016E5_08141_P.png.npy
CamVid/camvid/images/0006R0_f01620.png,CamVid/camvid/Labeled_idx/0006R0_f01620_P.png.npy
CamVid/camvid/images/0006R0_f01770.png,CamVid/camvid/Labeled_idx/0006R0_f01770_P.png.npy
CamVid/camvid/images/0001TP_007590.png,CamVid/camvid/Labeled_idx/0001TP_007590_P.png.npy
CamVid/camvid/images/0016E5_05460.png,CamVid/camvid/Labeled_idx/0016E5_05460_P.png.npy
CamVid/camvid/images/0006R0_f03240.png,CamVid/camvid/Labeled_idx/0006R0_f03240_P.png.npy
CamVid/camvid/images/0016E5_06690.png,CamVid/camvid/Labeled_idx/0016E5_06690_P.png.npy
CamVid/camvid/images/0016E5_01650.png,CamVid/camvid/Labeled_idx/0016E5_01650_P.png.npy
CamVid/camvid/images/0006R0_f03480.png,CamVid/camvid/Labeled_idx/0006R0_f03480_P.png.npy
CamVid/camvid/images/Seq05VD_f04440.png,CamVid/camvid/Labeled_idx/Seq05VD_f04440_P.png.npy
CamVid/camvid/images/0016E5_00570.png,CamVid/camvid/Labeled_idx/0016E5_00570_P.png.npy
CamVid/camvid/images/Seq05VD_f03000.png,CamVid/camvid/Labeled_idx/Seq05VD_f03000_P.png.npy
CamVid/camvid/images/0016E5_08009.png,CamVid/camvid/Labeled_idx/0016E5_08009_P.png.npy
CamVid/camvid/images/0016E5_06510.png,CamVid/camvid/Labeled_idx/0016E5_06510_P.png.npy
CamVid/camvid/images/Seq05VD_f03030.png,CamVid/camvid/Labeled_idx/Seq05VD_f03030_P.png.npy
CamVid/camvid/images/0016E5_01620.png,CamVid/camvid/Labeled_idx/0016E5_01620_P.png.npy
CamVid/camvid/images/0001TP_009270.png,CamVid/camvid/Labeled_idx/0001TP_009270_P.png.npy
CamVid/camvid/images/0001TP_007800.png,CamVid/camvid/Labeled_idx/0001TP_007800_P.png.npy
CamVid/camvid/images/0016E5_06990.png,CamVid/camvid/Labeled_idx/0016E5_06990_P.png.npy
CamVid/camvid/images/Seq05VD_f03330.png,CamVid/camvid/Labeled_idx/Seq05VD_f03330_P.png.npy
CamVid/camvid/images/0016E5_05010.png,CamVid/camvid/Labeled_idx/0016E5_05010_P.png.npy
CamVid/camvid/images/0001TP_007440.png,CamVid/camvid/Labeled_idx/0001TP_007440_P.png.npy
CamVid/camvid/images/0016E5_08310.png,CamVid/camvid/Labeled_idx/0016E5_08310_P.png.npy
CamVid/camvid/images/0016E5_08149.png,CamVid/camvid/Labeled_idx/0016E5_08149_P.png.npy
CamVid/camvid/images/0006R0_f01200.png,CamVid/camvid/Labeled_idx/0006R0_f01200_P.png.npy
CamVid/camvid/images/0006R0_f03690.png,CamVid/camvid/Labeled_idx/0006R0_f03690_P.png.npy
CamVid/camvid/images/0001TP_008850.png,CamVid/camvid/Labeled_idx/0001TP_008850_P.png.npy
CamVid/camvid/images/Seq05VD_f02460.png,CamVid/camvid/Labeled_idx/Seq05VD_f02460_P.png.npy
CamVid/camvid/images/0006R0_f03780.png,CamVid/camvid/Labeled_idx/0006R0_f03780_P.png.npy
CamVid/camvid/images/Seq05VD_f02280.png,CamVid/camvid/Labeled_idx/Seq05VD_f02280_P.png.npy
CamVid/camvid/images/0016E5_06390.png,CamVid/camvid/Labeled_idx/0016E5_06390_P.png.npy
CamVid/camvid/images/0001TP_007080.png,CamVid/camvid/Labeled_idx/0001TP_007080_P.png.npy
CamVid/camvid/images/0016E5_01140.png,CamVid/camvid/Labeled_idx/0016E5_01140_P.png.npy
CamVid/camvid/images/0016E5_08520.png,CamVid/camvid/Labeled_idx/0016E5_08520_P.png.npy
CamVid/camvid/images/0016E5_08035.png,CamVid/camvid/Labeled_idx/0016E5_08035_P.png.npy
CamVid/camvid/images/Seq05VD_f00540.png,CamVid/camvid/Labeled_idx/Seq05VD_f00540_P.png.npy
CamVid/camvid/images/0016E5_07290.png,CamVid/camvid/Labeled_idx/0016E5_07290_P.png.npy
CamVid/camvid/images/0016E5_07993.png,CamVid/camvid/Labeled_idx/0016E5_07993_P.png.npy
CamVid/camvid/images/0001TP_008250.png,CamVid/camvid/Labeled_idx/0001TP_008250_P.png.npy
CamVid/camvid/images/Seq05VD_f00450.png,CamVid/camvid/Labeled_idx/Seq05VD_f00450_P.png.npy
CamVid/camvid/images/Seq05VD_f04770.png,CamVid/camvid/Labeled_idx/Seq05VD_f04770_P.png.npy
CamVid/camvid/images/Seq05VD_f03810.png,CamVid/camvid/Labeled_idx/Seq05VD_f03810_P.png.npy
CamVid/camvid/images/Seq05VD_f04800.png,CamVid/camvid/Labeled_idx/Seq05VD_f04800_P.png.npy
CamVid/camvid/images/0016E5_01680.png,CamVid/camvid/Labeled_idx/0016E5_01680_P.png.npy
CamVid/camvid/images/Seq05VD_f02340.png,CamVid/camvid/Labeled_idx/Seq05VD_f02340_P.png.npy
CamVid/camvid/images/0016E5_02310.png,CamVid/camvid/Labeled_idx/0016E5_02310_P.png.npy
CamVid/camvid/images/0006R0_f01170.png,CamVid/camvid/Labeled_idx/0006R0_f01170_P.png.npy
CamVid/camvid/images/0006R0_f02250.png,CamVid/camvid/Labeled_idx/0006R0_f02250_P.png.npy
CamVid/camvid/images/Seq05VD_f00030.png,CamVid/camvid/Labeled_idx/Seq05VD_f00030_P.png.npy
CamVid/camvid/images/0016E5_08490.png,CamVid/camvid/Labeled_idx/0016E5_08490_P.png.npy
CamVid/camvid/images/Seq05VD_f00300.png,CamVid/camvid/Labeled_idx/Seq05VD_f00300_P.png.npy
CamVid/camvid/images/Seq05VD_f00420.png,CamVid/camvid/Labeled_idx/Seq05VD_f00420_P.png.npy
CamVid/camvid/images/0006R0_f01410.png,CamVid/camvid/Labeled_idx/0006R0_f01410_P.png.npy
CamVid/camvid/images/0006R0_f03300.png,CamVid/camvid/Labeled_idx/0006R0_f03300_P.png.npy
CamVid/camvid/images/Seq05VD_f01800.png,CamVid/camvid/Labeled_idx/Seq05VD_f01800_P.png.npy
CamVid/camvid/images/Seq05VD_f04320.png,CamVid/camvid/Labeled_idx/Seq05VD_f04320_P.png.npy
CamVid/camvid/images/0001TP_007230.png,CamVid/camvid/Labeled_idx/0001TP_007230_P.png.npy
CamVid/camvid/images/0006R0_f02610.png,CamVid/camvid/Labeled_idx/0006R0_f02610_P.png.npy
CamVid/camvid/images/0016E5_08077.png,CamVid/camvid/Labeled_idx/0016E5_08077_P.png.npy
CamVid/camvid/images/0016E5_00960.png,CamVid/camvid/Labeled_idx/0016E5_00960_P.png.npy
CamVid/camvid/images/0006R0_f02910.png,CamVid/camvid/Labeled_idx/0006R0_f02910_P.png.npy
CamVid/camvid/images/0001TP_006900.png,CamVid/camvid/Labeled_idx/0001TP_006900_P.png.npy
CamVid/camvid/images/0006R0_f01470.png,CamVid/camvid/Labeled_idx/0006R0_f01470_P.png.npy
CamVid/camvid/images/0001TP_006810.png,CamVid/camvid/Labeled_idx/0001TP_006810_P.png.npy
CamVid/camvid/images/0016E5_08081.png,CamVid/camvid/Labeled_idx/0016E5_08081_P.png.npy
CamVid/camvid/images/Seq05VD_f03750.png,CamVid/camvid/Labeled_idx/Seq05VD_f03750_P.png.npy
CamVid/camvid/images/0006R0_f03360.png,CamVid/camvid/Labeled_idx/0006R0_f03360_P.png.npy
CamVid/camvid/images/0001TP_008670.png,CamVid/camvid/Labeled_idx/0001TP_008670_P.png.npy
CamVid/camvid/images/Seq05VD_f00990.png,CamVid/camvid/Labeled_idx/Seq05VD_f00990_P.png.npy
CamVid/camvid/images/0016E5_08220.png,CamVid/camvid/Labeled_idx/0016E5_08220_P.png.npy
CamVid/camvid/images/0001TP_009180.png,CamVid/camvid/Labeled_idx/0001TP_009180_P.png.npy
CamVid/camvid/images/Seq05VD_f00090.png,CamVid/camvid/Labeled_idx/Seq05VD_f00090_P.png.npy
CamVid/camvid/images/0016E5_05430.png,CamVid/camvid/Labeled_idx/0016E5_05430_P.png.npy
CamVid/camvid/images/0006R0_f02190.png,CamVid/camvid/Labeled_idx/0006R0_f02190_P.png.npy
CamVid/camvid/images/Seq05VD_f01050.png,CamVid/camvid/Labeled_idx/Seq05VD_f01050_P.png.npy
CamVid/camvid/images/0016E5_01830.png,CamVid/camvid/Labeled_idx/0016E5_01830_P.png.npy
CamVid/camvid/images/Seq05VD_f01080.png,CamVid/camvid/Labeled_idx/Seq05VD_f01080_P.png.npy
CamVid/camvid/images/0006R0_f01740.png,CamVid/camvid/Labeled_idx/0006R0_f01740_P.png.npy
CamVid/camvid/images/0016E5_01200.png,CamVid/camvid/Labeled_idx/0016E5_01200_P.png.npy
CamVid/camvid/images/0016E5_08610.png,CamVid/camvid/Labeled_idx/0016E5_08610_P.png.npy
CamVid/camvid/images/Seq05VD_f03390.png,CamVid/camvid/Labeled_idx/Seq05VD_f03390_P.png.npy
CamVid/camvid/images/0016E5_08105.png,CamVid/camvid/Labeled_idx/0016E5_08105_P.png.npy
CamVid/camvid/images/Seq05VD_f00060.png,CamVid/camvid/Labeled_idx/Seq05VD_f00060_P.png.npy
CamVid/camvid/images/0016E5_04710.png,CamVid/camvid/Labeled_idx/0016E5_04710_P.png.npy
CamVid/camvid/images/0006R0_f02820.png,CamVid/camvid/Labeled_idx/0006R0_f02820_P.png.npy
CamVid/camvid/images/Seq05VD_f01530.png,CamVid/camvid/Labeled_idx/Seq05VD_f01530_P.png.npy
CamVid/camvid/images/0016E5_07991.png,CamVid/camvid/Labeled_idx/0016E5_07991_P.png.npy
CamVid/camvid/images/Seq05VD_f01320.png,CamVid/camvid/Labeled_idx/Seq05VD_f01320_P.png.npy
CamVid/camvid/images/0016E5_01500.png,CamVid/camvid/Labeled_idx/0016E5_01500_P.png.npy
CamVid/camvid/images/0016E5_08159.png,CamVid/camvid/Labeled_idx/0016E5_08159_P.png.npy
CamVid/camvid/images/0016E5_01440.png,CamVid/camvid/Labeled_idx/0016E5_01440_P.png.npy
CamVid/camvid/images/0006R0_f02490.png,CamVid/camvid/Labeled_idx/0006R0_f02490_P.png.npy
CamVid/camvid/images/0016E5_06000.png,CamVid/camvid/Labeled_idx/0016E5_06000_P.png.npy
CamVid/camvid/images/0016E5_06720.png,CamVid/camvid/Labeled_idx/0016E5_06720_P.png.npy
CamVid/camvid/images/0001TP_008190.png,CamVid/camvid/Labeled_idx/0001TP_008190_P.png.npy
CamVid/camvid/images/0016E5_06450.png,CamVid/camvid/Labeled_idx/0016E5_06450_P.png.npy
CamVid/camvid/images/0016E5_08063.png,CamVid/camvid/Labeled_idx/0016E5_08063_P.png.npy
CamVid/camvid/images/Seq05VD_f00180.png,CamVid/camvid/Labeled_idx/Seq05VD_f00180_P.png.npy
CamVid/camvid/images/0001TP_007050.png,CamVid/camvid/Labeled_idx/0001TP_007050_P.png.npy
CamVid/camvid/images/0001TP_009660.png,CamVid/camvid/Labeled_idx/0001TP_009660_P.png.npy
CamVid/camvid/images/0016E5_07620.png,CamVid/camvid/Labeled_idx/0016E5_07620_P.png.npy
CamVid/camvid/images/0016E5_08003.png,CamVid/camvid/Labeled_idx/0016E5_08003_P.png.npy
CamVid/camvid/images/0006R0_f01050.png,CamVid/camvid/Labeled_idx/0006R0_f01050_P.png.npy
CamVid/camvid/images/Seq05VD_f00240.png,CamVid/camvid/Labeled_idx/Seq05VD_f00240_P.png.npy
CamVid/camvid/images/0016E5_08023.png,CamVid/camvid/Labeled_idx/0016E5_08023_P.png.npy
CamVid/camvid/images/0016E5_02010.png,CamVid/camvid/Labeled_idx/0016E5_02010_P.png.npy
CamVid/camvid/images/Seq05VD_f03720.png,CamVid/camvid/Labeled_idx/Seq05VD_f03720_P.png.npy
CamVid/camvid/images/0016E5_08047.png,CamVid/camvid/Labeled_idx/0016E5_08047_P.png.npy
CamVid/camvid/images/Seq05VD_f02670.png,CamVid/camvid/Labeled_idx/Seq05VD_f02670_P.png.npy
CamVid/camvid/images/0006R0_f02460.png,CamVid/camvid/Labeled_idx/0006R0_f02460_P.png.npy
CamVid/camvid/images/0016E5_02160.png,CamVid/camvid/Labeled_idx/0016E5_02160_P.png.npy
CamVid/camvid/images/0001TP_008940.png,CamVid/camvid/Labeled_idx/0001TP_008940_P.png.npy
CamVid/camvid/images/0006R0_f03810.png,CamVid/camvid/Labeled_idx/0006R0_f03810_P.png.npy
CamVid/camvid/images/0016E5_08025.png,CamVid/camvid/Labeled_idx/0016E5_08025_P.png.npy
CamVid/camvid/images/0016E5_08109.png,CamVid/camvid/Labeled_idx/0016E5_08109_P.png.npy
CamVid/camvid/images/0016E5_02340.png,CamVid/camvid/Labeled_idx/0016E5_02340_P.png.npy
CamVid/camvid/images/0016E5_04380.png,CamVid/camvid/Labeled_idx/0016E5_04380_P.png.npy
CamVid/camvid/images/0016E5_08027.png,CamVid/camvid/Labeled_idx/0016E5_08027_P.png.npy
CamVid/camvid/images/0016E5_08091.png,CamVid/camvid/Labeled_idx/0016E5_08091_P.png.npy
CamVid/camvid/images/0016E5_02220.png,CamVid/camvid/Labeled_idx/0016E5_02220_P.png.npy
CamVid/camvid/images/Seq05VD_f00780.png,CamVid/camvid/Labeled_idx/Seq05VD_f00780_P.png.npy
CamVid/camvid/images/0016E5_08117.png,CamVid/camvid/Labeled_idx/0016E5_08117_P.png.npy
CamVid/camvid/images/0016E5_05850.png,CamVid/camvid/Labeled_idx/0016E5_05850_P.png.npy
CamVid/camvid/images/0006R0_f02280.png,CamVid/camvid/Labeled_idx/0006R0_f02280_P.png.npy
CamVid/camvid/images/0001TP_008970.png,CamVid/camvid/Labeled_idx/0001TP_008970_P.png.npy
CamVid/camvid/images/Seq05VD_f02220.png,CamVid/camvid/Labeled_idx/Seq05VD_f02220_P.png.npy
CamVid/camvid/images/0006R0_f01080.png,CamVid/camvid/Labeled_idx/0006R0_f01080_P.png.npy
CamVid/camvid/images/0016E5_01920.png,CamVid/camvid/Labeled_idx/0016E5_01920_P.png.npy
CamVid/camvid/images/Seq05VD_f03690.png,CamVid/camvid/Labeled_idx/Seq05VD_f03690_P.png.npy
CamVid/camvid/images/0006R0_f03870.png,CamVid/camvid/Labeled_idx/0006R0_f03870_P.png.npy
CamVid/camvid/images/0001TP_009240.png,CamVid/camvid/Labeled_idx/0001TP_009240_P.png.npy
CamVid/camvid/images/0016E5_05310.png,CamVid/camvid/Labeled_idx/0016E5_05310_P.png.npy
CamVid/camvid/images/0016E5_01980.png,CamVid/camvid/Labeled_idx/0016E5_01980_P.png.npy
CamVid/camvid/images/0016E5_08119.png,CamVid/camvid/Labeled_idx/0016E5_08119_P.png.npy
CamVid/camvid/images/0016E5_08069.png,CamVid/camvid/Labeled_idx/0016E5_08069_P.png.npy
CamVid/camvid/images/0006R0_f01110.png,CamVid/camvid/Labeled_idx/0006R0_f01110_P.png.npy
CamVid/camvid/images/0016E5_07500.png,CamVid/camvid/Labeled_idx/0016E5_07500_P.png.npy
CamVid/camvid/images/0016E5_08460.png,CamVid/camvid/Labeled_idx/0016E5_08460_P.png.npy
CamVid/camvid/images/0001TP_008220.png,CamVid/camvid/Labeled_idx/0001TP_008220_P.png.npy
CamVid/camvid/images/Seq05VD_f05070.png,CamVid/camvid/Labeled_idx/Seq05VD_f05070_P.png.npy
CamVid/camvid/images/0016E5_08055.png,CamVid/camvid/Labeled_idx/0016E5_08055_P.png.npy
CamVid/camvid/images/0016E5_07650.png,CamVid/camvid/Labeled_idx/0016E5_07650_P.png.npy
CamVid/camvid/images/Seq05VD_f02970.png,CamVid/camvid/Labeled_idx/Seq05VD_f02970_P.png.npy
CamVid/camvid/images/0001TP_009690.png,CamVid/camvid/Labeled_idx/0001TP_009690_P.png.npy
CamVid/camvid/images/0016E5_08157.png,CamVid/camvid/Labeled_idx/0016E5_08157_P.png.npy
CamVid/camvid/images/0001TP_007140.png,CamVid/camvid/Labeled_idx/0001TP_007140_P.png.npy
CamVid/camvid/images/0016E5_01410.png,CamVid/camvid/Labeled_idx/0016E5_01410_P.png.npy
CamVid/camvid/images/0006R0_f02160.png,CamVid/camvid/Labeled_idx/0006R0_f02160_P.png.npy
CamVid/camvid/images/0016E5_06030.png,CamVid/camvid/Labeled_idx/0016E5_06030_P.png.npy
CamVid/camvid/images/0016E5_05130.png,CamVid/camvid/Labeled_idx/0016E5_05130_P.png.npy
CamVid/camvid/images/Seq05VD_f00330.png,CamVid/camvid/Labeled_idx/Seq05VD_f00330_P.png.npy
CamVid/camvid/images/0016E5_08043.png,CamVid/camvid/Labeled_idx/0016E5_08043_P.png.npy
CamVid/camvid/images/0016E5_02100.png,CamVid/camvid/Labeled_idx/0016E5_02100_P.png.npy
CamVid/camvid/images/0001TP_007560.png,CamVid/camvid/Labeled_idx/0001TP_007560_P.png.npy
CamVid/camvid/images/0001TP_009930.png,CamVid/camvid/Labeled_idx/0001TP_009930_P.png.npy
CamVid/camvid/images/0016E5_07979.png,CamVid/camvid/Labeled_idx/0016E5_07979_P.png.npy
CamVid/camvid/images/Seq05VD_f00480.png,CamVid/camvid/Labeled_idx/Seq05VD_f00480_P.png.npy
CamVid/camvid/images/0001TP_010020.png,CamVid/camvid/Labeled_idx/0001TP_010020_P.png.npy
CamVid/camvid/images/0001TP_008760.png,CamVid/camvid/Labeled_idx/0001TP_008760_P.png.npy
CamVid/camvid/images/Seq05VD_f04410.png,CamVid/camvid/Labeled_idx/Seq05VD_f04410_P.png.npy
CamVid/camvid/images/0006R0_f02040.png,CamVid/camvid/Labeled_idx/0006R0_f02040_P.png.npy
CamVid/camvid/images/0016E5_01740.png,CamVid/camvid/Labeled_idx/0016E5_01740_P.png.npy
CamVid/camvid/images/0016E5_07350.png,CamVid/camvid/Labeled_idx/0016E5_07350_P.png.npy
CamVid/camvid/images/0016E5_07967.png,CamVid/camvid/Labeled_idx/0016E5_07967_P.png.npy
CamVid/camvid/images/0001TP_009210.png,CamVid/camvid/Labeled_idx/0001TP_009210_P.png.npy
CamVid/camvid/images/0016E5_06090.png,CamVid/camvid/Labeled_idx/0016E5_06090_P.png.npy
CamVid/camvid/images/0016E5_01590.png,CamVid/camvid/Labeled_idx/0016E5_01590_P.png.npy
CamVid/camvid/images/0016E5_05970.png,CamVid/camvid/Labeled_idx/0016E5_05970_P.png.npy
CamVid/camvid/images/0016E5_00750.png,CamVid/camvid/Labeled_idx/0016E5_00750_P.png.npy
CamVid/camvid/images/Seq05VD_f00690.png,CamVid/camvid/Labeled_idx/Seq05VD_f00690_P.png.npy
CamVid/camvid/images/0016E5_01170.png,CamVid/camvid/Labeled_idx/0016E5_01170_P.png.npy
CamVid/camvid/images/Seq05VD_f04110.png,CamVid/camvid/Labeled_idx/Seq05VD_f04110_P.png.npy
CamVid/camvid/images/0016E5_02070.png,CamVid/camvid/Labeled_idx/0016E5_02070_P.png.npy
CamVid/camvid/images/0006R0_f01950.png,CamVid/camvid/Labeled_idx/0006R0_f01950_P.png.npy
CamVid/camvid/images/Seq05VD_f01260.png,CamVid/camvid/Labeled_idx/Seq05VD_f01260_P.png.npy
